Date,S&P 500,PE Ratio,Shiller PE
2018-09-01,2896.89,22.25,32.62
2018-08-01,2856.60,22.37,32.39
2018-07-01,2793.99,22.33,31.89
2018-06-01,2754.89,22.49,31.63
2018-05-01,2706.32,22.49,31.24
2018-04-01,2669.43,22.53,30.97
2018-03-01,2729.67,23.41,31.81
2018-02-01,2738.26,23.82,32.04
2018-01-01,2836.75,24.97,33.31
2017-12-01,2723.93,24.25,32.09
2017-11-01,2650.06,23.81,31.3
2017-10-01,2612.72,23.67,30.92
2017-09-01,2545.55,23.28,30.17
2017-08-01,2521.44,23.16,29.91
2017-07-01,2526.80,23.36,30
2017-06-01,2504.37,23.4,29.75
2017-05-01,2466.85,23.31,29.31
2017-04-01,2431.81,23.24,28.9
2017-03-01,2446.78,23.6,29.09
2017-02-01,2410.59,23.68,28.66
2017-01-01,2361.30,23.59,28.06
2016-12-01,2345.32,23.76,27.87
2016-11-01,2260.84,23.35,26.85
2016-10-01,2234.41,23.57,26.53
2016-09-01,2252.51,24.22,26.73
2016-08-01,2271.80,24.57,26.95
2016-07-01,2250.80,24.52,26.69
2016-06-01,2179.17,23.97,25.84
2016-05-01,2167.09,23.81,25.69
2016-04-01,2186.38,23.97,25.92
2016-03-01,2140.02,23.39,25.37
2016-02-01,2024.31,22.02,24
2016-01-01,2041.06,22.18,24.21
2015-12-01,2188.80,23.74,25.97
2015-11-01,2209.51,23.67,26.23
2015-10-01,2145.70,22.68,25.49
2015-09-01,2059.57,21.45,24.5
2015-08-01,2157.32,22.15,25.69
2015-07-01,2211.58,22.4,26.38
2015-06-01,2217.17,22.12,26.5
2015-05-01,2238.34,21.92,26.81
2015-04-01,2231.56,21.42,26.79
2015-03-01,2220.22,20.96,26.73
2015-02-01,2235.81,20.77,27
2015-01-01,2187.26,20.02,26.49
2014-12-01,2204.97,20.08,26.79
2014-11-01,2182.12,19.75,26.61
2014-10-01,2056.44,18.5,25.16
2014-09-01,2110.52,18.81,25.92
2014-08-01,2078.52,18.68,25.62
2014-07-01,2087.29,18.96,25.82
2014-06-01,2058.97,18.88,25.56
2014-05-01,2002.08,18.46,24.94
2014-04-01,1981.95,18.35,24.79
2014-03-01,1987.69,18.48,24.96
2014-02-01,1950.60,18.06,24.59
2014-01-01,1963.54,18.15,24.86
2013-12-01,1955.08,18.04,24.86
2013-11-01,1928.70,18.15,24.64
2013-10-01,1856.22,17.86,23.83
2013-09-01,1816.07,17.88,23.44
2013-08-01,1799.78,17.91,23.36
2013-07-01,1800.42,18.12,23.49
2013-06-01,1747.26,17.8,22.93
2013-05-01,1774.25,18.25,23.41
2013-04-01,1702.47,17.69,22.6
2013-03-01,1679.18,17.68,22.42
2013-02-01,1641.75,17.32,22.05
2013-01-01,1620.28,17.03,21.9
2012-12-01,1561.28,16.44,21.24
2012-11-01,1526.66,16.12,20.9
2012-10-01,1566.62,16.62,21.58
2012-09-01,1572.11,16.69,21.78
2012-08-01,1535.39,16.14,21.41
2012-07-01,1495.90,15.55,21
2012-06-01,1453.59,15.05,20.55
2012-05-01,1470.97,15.22,20.94
2012-04-01,1518.71,15.7,21.78
2012-03-01,1526.39,15.69,22.05
2012-02-01,1497.30,15.37,21.8
2012-01-01,1446.17,14.87,21.21
2011-12-01,1388.58,14.3,20.52
2011-11-01,1366.33,14.1,20.35
2011-10-01,1343.80,13.88,20.16
2011-09-01,1304.00,13.5,19.7
2011-08-01,1318.69,13.79,20.05
2011-07-01,1478.38,15.61,22.61
2011-06-01,1437.37,15.35,22.1
2011-05-01,1492.74,16.12,23.06
2011-04-01,1492.14,16.21,23.14
2011-03-01,1471.27,16.04,22.9
2011-02-01,1504.56,16.52,23.49
2011-01-01,1467.92,16.3,22.98
2010-12-01,1427.66,16.05,22.4
2010-11-01,1380.99,15.88,21.7
2010-10-01,1350.10,15.9,21.24
2010-09-01,1294.67,15.61,20.38
2010-08-01,1255.25,15.47,19.77
2010-07-01,1248.33,15.72,19.67
2010-06-01,1252.71,16.15,19.74
2010-05-01,1299.66,17.3,20.48
2010-04-01,1384.21,19.01,21.8
2010-03-01,1334.19,18.91,21
2010-02-01,1266.53,18.91,19.92
2010-01-01,1306.88,20.7,20.53
2009-12-01,1295.94,21.78,20.32
2009-11-01,1267.67,28.51,19.81
2009-10-01,1244.77,42.12,19.36
2009-09-01,1219.00,83.3,18.83
2009-08-01,1179.10,92.95,18.09
2009-07-01,1095.25,101.87,16.69
2009-06-01,1082.17,123.32,16.38
2009-05-01,1063.53,123.73,16
2009-04-01,1002.47,119.85,14.98
2009-03-01,897.12,110.37,13.32
2009-02-01,956.43,84.46,14.12
2009-01-01,1033.23,70.91,15.17
2008-12-01,1052.09,58.98,15.38
2008-11-01,1047.71,34.99,15.26
2008-10-01,1127.45,27.22,16.39
2008-09-01,1401.93,26.48,20.36
2008-08-01,1474.21,26.83,21.4
2008-07-01,1440.67,25.37,20.91
2008-06-01,1544.89,26.11,22.42
2008-05-01,1632.56,25.81,23.7
2008-04-01,1607.88,23.88,23.36
2008-03-01,1554.45,21.81,22.61
2008-02-01,1613.08,21.74,23.5
2008-01-01,1646.29,21.46,24.02
2007-12-01,1775.03,22.35,25.96
2007-11-01,1754.85,20.81,25.73
2007-10-01,1857.28,20.68,27.32
2007-09-01,1809.83,19.05,26.73
2007-08-01,1763.30,18.02,26.15
2007-07-01,1840.03,18.36,27.41
2007-06-01,1831.68,17.83,27.42
2007-05-01,1831.53,17.92,27.55
2007-04-01,1784.80,17.48,26.98
2007-03-01,1726.81,16.92,26.23
2007-02-01,1789.42,17.49,27.32
2007-01-01,1773.29,17.36,27.21
2006-12-01,1769.04,17.38,27.28
2006-11-01,1736.92,17.24,26.93
2006-10-01,1702.79,17.14,26.54
2006-09-01,1636.87,16.77,25.64
2006-08-01,1591.03,16.67,25.05
2006-07-01,1560.83,16.61,24.7
2006-06-01,1556.66,16.82,24.75
2006-05-01,1605.59,17.46,25.65
2006-04-01,1628.77,17.77,26.15
2006-03-01,1631.99,17.8,26.33
2006-02-01,1619.35,17.8,26.25
2006-01-01,1625.26,18.07,26.47
2005-12-01,1616.31,18.07,26.44
2005-11-01,1578.26,18.01,25.93
2005-10-01,1508.13,17.64,24.88
2005-09-01,1554.22,18.44,25.73
2005-08-01,1571.09,18.72,26.1
2005-07-01,1576.51,19,26.29
2005-06-01,1557.91,19,26.07
2005-05-01,1527.63,18.93,25.65
2005-04-01,1508.12,19.02,25.41
2005-03-01,1557.99,19.84,26.34
2005-02-01,1576.39,20.11,26.74
2005-01-01,1561.41,19.99,26.59
2004-12-01,1588.26,20.48,27.14
2004-11-01,1542.50,20.05,26.47
2004-10-01,1475.01,19.25,25.41
2004-09-01,1483.37,19.35,25.67
2004-08-01,1448.31,19.03,25.17
2004-07-01,1471.57,19.51,25.7
2004-06-01,1505.00,20.17,26.4
2004-05-01,1469.82,20.14,25.9
2004-04-01,1519.41,21.23,26.9
2004-03-01,1511.66,21.61,26.89
2004-02-01,1547.64,22.46,27.65
2004-01-01,1541.24,22.73,27.66
2003-12-01,1477.82,22.17,26.64
2003-11-01,1434.23,23.15,25.95
2003-10-01,1415.13,24.75,25.68
2003-09-01,1387.35,26.42,25.24
2003-08-01,1351.02,26.57,24.64
2003-07-01,1360.29,27.65,24.87
2003-06-01,1355.54,28.6,24.83
2003-05-01,1285.54,28.24,23.59
2003-04-01,1220.46,28.05,22.43
2003-03-01,1158.43,27.92,21.31
2003-02-01,1152.18,28.46,21.21
2003-01-01,1242.63,31.43,22.9
2002-12-01,1252.78,32.59,23.1
2002-11-01,1264.96,32.03,23.35
2002-10-01,1188.08,29.24,21.96
2002-09-01,1208.40,28.89,22.36
2002-08-01,1272.81,31.53,23.59
2002-07-01,1264.51,32.46,23.46
2002-06-01,1420.63,37.92,26.39
2002-05-01,1512.86,41.41,28.13
2002-04-01,1558.67,43.81,29.01
2002-03-01,1626.39,46.71,30.29
2002-02-01,1560.24,44.57,29.09
2002-01-01,1622.68,46.17,30.28
2001-12-01,1633.08,46.37,30.5
2001-11-01,1604.97,43.62,30.01
2001-10-01,1526.96,39.72,28.58
2001-09-01,1476.66,36.9,27.67
2001-08-01,1673.39,37.85,31.4
2001-07-01,1710.24,35.46,32.16
2001-06-01,1753.94,33.67,33.07
2001-05-01,1801.81,32.02,34.07
2001-04-01,1695.22,27.96,32.17
2001-03-01,1696.25,26.1,32.32
2001-02-01,1872.01,27.81,35.83
2001-01-01,1922.50,27.55,36.98
2000-12-01,1927.84,26.62,37.27
2000-11-01,1994.94,26.9,38.78
2000-10-01,2013.61,26.5,39.37
2000-09-01,2130.13,27.34,41.89
2000-08-01,2166.62,27.97,42.87
2000-07-01,2148.45,28.05,42.75
2000-06-01,2137.29,28.16,42.78
2000-05-01,2084.61,27.49,41.96
2000-04-01,2150.14,28.5,43.53
2000-03-01,2123.20,28.31,43.22
2000-02-01,2061.53,27.76,42.18
2000-01-01,2128.57,29.04,43.77
1999-12-01,2139.52,29.66,44.19
1999-11-01,2083.09,29.74,43.21
1999-10-01,1947.99,28.66,40.55
1999-09-01,1978.73,29.99,41.32
1999-08-01,2002.26,30.89,41.93
1999-07-01,2087.95,32.88,43.83
1999-06-01,2005.61,32.24,42.18
1999-05-01,2020.05,33.19,42.55
1999-04-01,2024.13,34,42.7
1999-03-01,1957.74,33.39,41.35
1999-02-01,1909.94,32.67,40.4
1999-01-01,1915.63,32.92,40.57
1998-12-01,1830.01,31.56,38.82
1998-11-01,1758.78,30.25,37.37
1998-10-01,1586.72,27.2,33.77
1998-09-01,1572.37,26.8,33.53
1998-08-01,1657.56,28,35.42
1998-07-01,1786.16,29.9,38.26
1998-06-01,1713.84,28.44,36.8
1998-05-01,1715.99,28.3,36.95
1998-04-01,1725.03,28.26,37.27
1998-03-01,1673.26,27.23,36.29
1998-02-01,1593.71,25.85,34.71
1998-01-01,1502.50,24.29,32.86
1997-12-01,1503.74,24.23,33.03
1997-11-01,1465.28,23.46,32.33
1997-10-01,1483.47,23.58,32.9
1997-09-01,1465.04,23.06,32.66
1997-08-01,1453.36,22.83,32.58
1997-07-01,1453.01,22.8,32.76
1997-06-01,1377.78,21.61,31.25
1997-05-01,1311.49,20.6,29.93
1997-04-01,1201.87,18.94,27.58
1997-03-01,1247.84,19.69,28.8
1997-02-01,1260.81,20.09,29.26
1997-01-01,1213.81,19.53,28.33
1996-12-01,1181.13,19.19,27.72
1996-11-01,1169.08,19.45,27.58
1996-10-01,1116.83,19,26.48
1996-09-01,1077.92,18.75,25.68
1996-08-01,1061.80,18.6,25.41
1996-07-01,1033.95,18.26,24.86
1996-06-01,1075.22,19.15,25.96
1996-05-01,1064.21,19.1,25.81
1996-04-01,1043.58,18.85,25.42
1996-03-01,1047.44,19.01,25.63
1996-02-01,1056.87,19.1,25.97
1996-01-01,1002.96,18.08,24.76
1995-12-01,1009.09,18.1,25.03
1995-11-01,977.19,17.33,24.35
1995-10-01,955.88,16.76,23.93
1995-09-01,952.17,16.45,23.94
1995-08-01,921.63,16.01,23.28
1995-07-01,921.17,16.07,23.37
1995-06-01,891.39,15.67,22.72
1995-05-01,867.41,15.5,22.19
1995-04-01,842.74,15.31,21.64
1995-03-01,820.95,15.15,21.15
1995-02-01,804.92,15.11,20.8
1995-01-01,780.18,14.89,20.22
1994-12-01,766.37,14.88,19.91
1994-11-01,776.17,15.62,20.21
1994-10-01,781.92,16.32,20.39
1994-09-01,787.76,17.09,20.57
1994-08-01,785.28,17.44,20.53
1994-07-01,766.64,17.42,20.07
1994-06-01,774.56,18.05,20.29
1994-05-01,770.47,18.5,20.19
1994-04-01,764.71,19,20.05
1994-03-01,794.14,20.42,20.83
1994-02-01,810.20,21.02,21.26
1994-01-01,815.40,21.34,21.41
1993-12-01,805.47,21.29,21.16
1993-11-01,800.18,21.63,21.04
1993-10-01,802.47,22.19,21.11
1993-09-01,797.70,22.5,20.99
1993-08-01,790.46,22.65,20.81
1993-07-01,780.71,22.72,20.56
1993-06-01,782.05,23.18,20.61
1993-05-01,778.22,22.83,20.52
1993-04-01,775.51,22.53,20.46
1993-03-01,790.09,22.69,20.85
1993-02-01,777.95,22.55,20.54
1993-01-01,769.25,22.5,20.32
1992-12-01,773.77,22.82,20.45
1992-11-01,750.51,22.56,19.83
1992-10-01,733.19,22.43,19.37
1992-09-01,746.45,23.2,19.71
1992-08-01,747.58,23.6,19.72
1992-07-01,744.54,23.88,19.62
1992-06-01,733.95,23.95,19.31
1992-05-01,748.37,24.75,19.66
1992-04-01,736.08,24.73,19.3
1992-03-01,737.04,25.16,19.28
1992-02-01,750.22,25.6,19.58
1992-01-01,759.36,25.93,19.77
1991-12-01,710.07,24.33,18.44
1991-11-01,705.85,23.27,18.29
1991-10-01,709.67,22.49,18.35
1991-09-01,711.29,21.73,18.36
1991-08-01,718.47,21.22,18.51
1991-07-01,703.62,20.14,18.1
1991-06-01,701.05,19.49,18.01
1991-05-01,702.57,18.98,18.03
1991-04-01,707.79,18.58,18.16
1991-03-01,695.03,17.78,17.82
1991-02-01,677.32,17.19,17.36
1991-01-01,609.48,15.35,15.61
1990-12-01,619.26,15.41,15.85
1990-11-01,593.91,14.68,15.19
1990-10-01,579.82,14.21,14.82
1990-09-01,599.06,14.51,15.3
1990-08-01,633.45,15.33,16.17
1990-07-01,695.87,16.81,17.75
1990-06-01,699.25,16.95,17.82
1990-05-01,683.25,16.37,17.39
1990-04-01,661.24,15.7,16.81
1990-03-01,662.82,15.62,16.83
1990-02-01,650.67,14.97,16.51
1990-01-01,672.57,15.13,17.05
1989-12-01,696.75,15.24,17.65
1989-11-01,681.04,14.7,17.24
1989-10-01,697.12,14.84,17.64
1989-09-01,700.26,14.66,17.71
1989-08-01,701.09,14.32,17.73
1989-07-01,672.44,13.43,17.01
1989-06-01,657.41,12.84,16.64
1989-05-01,639.05,12.49,16.19
1989-04-01,618.94,12.07,15.69
1989-03-01,603.20,11.73,15.3
1989-02-01,609.37,11.97,15.47
1989-01-01,593.99,11.82,15.09
1988-12-01,578.33,11.64,14.7
1988-11-01,567.77,11.57,14.45
1988-10-01,581.66,12.02,14.81
1988-09-01,563.82,11.79,14.37
1988-08-01,558.51,11.78,14.24
1988-07-01,572.35,12.22,14.61
1988-06-01,578.19,12.49,14.77
1988-05-01,549.34,12.41,14.03
1988-04-01,565.20,13.39,14.43
1988-03-01,574.82,14.29,14.67
1988-02-01,560.78,14.16,14.3
1988-01-01,545.68,14.02,13.9
1987-12-01,526.35,13.77,13.39
1987-11-01,535.09,14.45,13.59
1987-10-01,612.50,17.08,15.53
1987-09-01,698.47,20.09,17.68
1987-08-01,725.71,21.42,18.33
1987-07-01,686.79,20.81,17.31
1987-06-01,669.29,20.9,16.83
1987-05-01,644.25,19.74,16.16
1987-04-01,646.98,19.45,16.2
1987-03-01,657.64,19.37,16.43
1987-02-01,634.39,18.86,15.82
1987-01-01,599.50,18.01,14.92
1986-12-01,567.03,17.17,14.09
1986-11-01,559.55,16.78,13.87
1986-10-01,542.46,16.12,13.43
1986-09-01,545.02,16.05,13.47
1986-08-01,562.89,16.55,13.89
1986-07-01,552.87,16.28,13.62
1986-06-01,564.61,16.68,13.89
1986-05-01,551.98,16.28,13.56
1986-04-01,552.35,16.32,13.55
1986-03-01,538.13,16,13.19
1986-02-01,505.92,15.08,12.39
1986-01-01,478.78,14.28,11.72
1985-12-01,478.02,14.19,11.69
1985-11-01,456.67,13.33,11.16
1985-10-01,431.73,12.39,10.55
1985-09-01,428.44,12.09,10.47
1985-08-01,439.43,12.26,10.74
1985-07-01,450.07,12.43,11
1985-06-01,442.47,12.1,10.81
1985-05-01,434.31,11.65,10.61
1985-04-01,425.80,11.2,10.4
1985-03-01,424.96,10.95,10.37
1985-02-01,430.13,10.98,10.49
1985-01-01,409.95,10.36,10
1984-12-01,393.73,9.89,9.6
1984-11-01,398.04,10.01,9.69
1984-10-01,394.45,9.94,9.6
1984-09-01,398.70,10.03,9.69
1984-08-01,396.51,10,9.62
1984-07-01,365.83,9.26,8.87
1984-06-01,372.10,9.45,9.01
1984-05-01,381.71,9.86,9.23
1984-04-01,385.27,10.12,9.31
1984-03-01,386.65,10.31,9.33
1984-02-01,387.16,10.59,9.32
1984-01-01,411.57,11.52,9.89
1983-12-01,409.03,11.72,9.82
1983-11-01,411.43,11.98,9.85
1983-10-01,418.48,12.38,10
1983-09-01,418.48,12.57,9.98
1983-08-01,408.49,12.43,9.73
1983-07-01,421.32,13.02,10.01
1983-06-01,421.50,13.22,10
1983-05-01,416.93,13.09,9.87
1983-04-01,403.11,12.64,9.53
1983-03-01,391.06,12.23,9.23
1983-02-01,377.93,11.75,8.91
1983-01-01,371.87,11.48,8.76
1982-12-01,359.98,11.03,8.47
1982-11-01,355.17,10.67,8.35
1982-10-01,340.58,10.01,8
1982-09-01,315.11,9.03,7.4
1982-08-01,282.99,7.97,6.64
1982-07-01,282.80,7.83,6.64
1982-06-01,285.04,7.74,6.69
1982-05-01,306.23,8.09,7.19
1982-04-01,308.87,7.97,7.26
1982-03-01,295.51,7.48,6.95
1982-02-01,305.06,7.64,7.18
1982-01-01,313.51,7.73,7.39
1981-12-01,331.94,8.06,7.83
1981-11-01,330.58,8.02,7.81
1981-10-01,323.28,7.83,7.65
1981-09-01,319.92,7.75,7.58
1981-08-01,353.89,8.54,8.4
1981-07-01,355.22,8.55,8.45
1981-06-01,368.04,8.81,8.77
1981-05-01,369.64,8.86,8.82
1981-04-01,380.18,9.13,9.09
1981-03-01,379.34,9.14,9.08
1981-02-01,368.16,8.76,8.83
1981-01-01,385.30,9.02,9.26
1980-12-01,389.88,9.01,9.39
1980-11-01,400.02,9.19,9.65
1980-10-01,386.97,8.86,9.36
1980-09-01,379.56,8.64,9.2
1980-08-01,373.67,8.38,9.07
1980-07-01,365.10,8.07,8.88
1980-06-01,349.26,7.67,8.51
1980-05-01,331.84,7.15,8.1
1980-04-01,320.49,6.79,7.84
1980-03-01,329.44,6.85,8.08
1980-02-01,368.31,7.61,9.05
1980-01-01,359.27,7.39,8.85
1979-12-01,354.23,7.25,8.75
1979-11-01,344.35,7.01,8.52
1979-10-01,350.24,7.11,8.68
1979-09-01,366.91,7.42,9.11
1979-08-01,366.79,7.45,9.13
1979-07-01,354.09,7.23,8.83
1979-06-01,354.53,7.27,8.85
1979-05-01,351.55,7.25,8.79
1979-04-01,364.49,7.55,9.13
1979-03-01,361.45,7.53,9.07
1979-02-01,358.29,7.57,9
1979-01-01,367.95,7.88,9.26
1978-12-01,357.80,7.79,9.01
1978-11-01,354.16,7.84,8.93
1978-10-01,377.87,8.51,9.53
1978-09-01,393.79,8.98,9.94
1978-08-01,396.77,9.07,10.02
1978-07-01,372.84,8.57,9.43
1978-06-01,377.52,8.7,9.55
1978-05-01,380.64,8.75,9.63
1978-04-01,365.67,8.41,9.26
1978-03-01,353.09,8.13,8.95
1978-02-01,356.54,8.16,9.05
1978-01-01,363.94,8.28,9.24
1977-12-01,380.78,8.62,9.68
1977-11-01,383.88,8.71,9.77
1977-10-01,383.54,8.7,9.77
1977-09-01,395.01,8.99,10.07
1977-08-01,402.56,9.21,10.27
1977-07-01,414.00,9.53,10.57
1977-06-01,412.27,9.53,10.53
1977-05-01,412.79,9.58,10.55
1977-04-01,416.07,9.72,10.64
1977-03-01,426.13,9.98,10.9
1977-02-01,430.72,10.08,11.01
1977-01-01,447.21,10.41,11.44
1976-12-01,453.41,10.57,11.6
1976-11-01,439.76,10.34,11.25
1976-10-01,443.57,10.54,11.35
1976-09-01,461.63,11.05,11.81
1976-08-01,453.58,10.93,11.6
1976-07-01,459.94,11.14,11.76
1976-06-01,451.72,11.01,11.54
1976-05-01,451.44,11.18,11.53
1976-04-01,457.80,11.51,11.69
1976-03-01,455.83,11.67,11.63
1976-02-01,454.39,11.94,11.59
1976-01-01,439.07,11.82,11.19
1975-12-01,402.81,11.14,10.25
1975-11-01,410.51,11.41,10.44
1975-10-01,406.61,11.32,10.33
1975-09-01,390.84,10.91,9.92
1975-08-01,397.83,10.95,10.09
1975-07-01,430.09,11.72,10.9
1975-06-01,434.48,11.61,11.01
1975-05-01,426.85,11.09,10.82
1975-04-01,403.64,10.22,10.23
1975-03-01,400.68,9.91,10.16
1975-02-01,384.54,9.32,9.76
1975-01-01,351.01,8.3,8.92
1974-12-01,325.71,7.54,8.29
1974-11-01,351.09,8,8.95
1974-10-01,342.50,7.68,8.74
1974-09-01,339.30,7.48,8.68
1974-08-01,383.25,8.46,9.82
1974-07-01,404.64,8.95,10.39
1974-06-01,461.85,10.27,11.89
1974-05-01,465.03,10.41,12
1974-04-01,485.49,10.89,12.55
1974-03-01,513.78,11.66,13.31
1974-02-01,499.00,11.27,12.96
1974-01-01,519.81,11.68,13.53
1973-12-01,517.06,11.62,13.49
1973-11-01,560.08,12.74,14.65
1973-10-01,606.88,13.99,15.91
1973-09-01,588.83,13.73,15.48
1973-08-01,580.08,13.77,15.28
1973-07-01,601.93,14.33,15.89
1973-06-01,597.59,14.5,15.81
1973-05-01,615.45,15.13,16.31
1973-04-01,637.61,15.89,16.94
1973-03-01,654.25,16.53,17.41
1973-02-01,670.93,17.11,17.89
1973-01-01,700.50,18.09,18.71
1972-12-01,696.81,18.3,18.65
1972-11-01,684.19,18.19,18.34
1972-10-01,653.03,17.58,17.53
1972-09-01,654.94,17.82,17.61
1972-08-01,666.10,18.25,17.94
1972-07-01,644.83,17.79,17.4
1972-06-01,652.76,18.09,17.64
1972-05-01,652.51,18.2,17.66
1972-04-01,660.76,18.56,17.92
1972-03-01,655.66,18.54,17.81
1972-02-01,642.00,18.22,17.46
1972-01-01,633.47,18.01,17.26
1971-12-01,608.14,17.4,16.6
1971-11-01,571.74,16.54,15.64
1971-10-01,599.53,17.62,16.43
1971-09-01,614.03,18.31,16.86
1971-08-01,600.69,18.03,16.52
1971-07-01,613.07,18.48,16.89
1971-06-01,619.05,18.74,17.08
1971-05-01,635.41,19.22,17.56
1971-04-01,647.38,19.61,17.92
1971-03-01,627.57,19.08,17.4
1971-02-01,613.42,18.71,17.03
1971-01-01,592.04,18.12,16.46
1970-12-01,570.25,17.55,15.87
1970-11-01,536.41,16.19,14.95
1970-10-01,539.71,15.97,15.06
1970-09-01,530.95,15.41,14.84
1970-08-01,503.56,14.39,14.1
1970-07-01,489.34,13.85,13.73
1970-06-01,491.02,13.69,13.8
1970-05-01,496.63,13.69,13.98
1970-04-01,562.67,15.37,15.87
1970-03-01,584.90,15.75,16.53
1970-02-01,578.10,15.35,16.37
1970-01-01,602.16,15.76,17.09
1969-12-01,609.10,15.76,17.33
1969-11-01,646.63,16.54,18.44
1969-10-01,645.43,16.32,18.45
1969-09-01,642.05,16.05,18.4
1969-08-01,641.54,16.04,18.43
1969-07-01,648.66,16.17,18.68
1969-06-01,682.71,16.98,19.71
1969-05-01,724.26,17.93,20.97
1969-04-01,703.35,17.39,20.43
1969-03-01,693.28,17.06,20.2
1969-02-01,714.58,17.5,20.9
1969-01-01,722.13,17.65,21.19
1968-12-01,756.11,18.49,22.28
1968-11-01,750.42,18.41,22.2
1968-10-01,741.12,18.23,22
1968-09-01,727.39,17.9,21.68
1968-08-01,706.50,17.43,21.14
1968-07-01,724.34,17.91,21.75
1968-06-01,729.97,18.04,22
1968-05-01,714.98,17.71,21.63
1968-04-01,700.94,17.45,21.28
1968-03-01,654.64,16.38,19.93
1968-02-01,668.79,16.8,20.42
1968-01-01,702.45,17.71,21.51
1967-12-01,708.53,17.88,21.75
1967-11-01,690.94,17.42,21.26
1967-10-01,715.43,18.02,22.07
1967-09-01,718.68,18.08,22.22
1967-08-01,710.90,17.79,22.03
1967-07-01,701.86,17.48,21.8
1967-06-01,692.01,17.15,21.55
1967-05-01,702.90,17.24,21.95
1967-04-01,692.61,16.81,21.69
1967-03-01,682.95,16.41,21.44
1967-02-01,669.24,15.93,21.07
1967-01-01,646.95,15.31,20.43
1966-12-01,623.05,14.65,19.74
1966-11-01,620.44,14.63,19.71
1966-10-01,590.87,13.96,18.83
1966-09-01,599.73,14.12,19.16
1966-08-01,621.62,14.68,19.91
1966-07-01,665.69,15.67,21.38
1966-06-01,669.46,15.76,21.56
1966-05-01,677.15,16.01,21.85
1966-04-01,714.76,17.03,23.11
1966-03-01,697.85,16.64,22.61
1966-02-01,730.04,17.52,23.7
1966-01-01,739.63,17.81,24.06
1965-12-01,727.03,17.67,23.69
1965-11-01,732.66,18,23.93
1965-10-01,726.62,18.1,23.78
1965-09-01,712.88,17.95,23.37
1965-08-01,689.83,17.53,22.67
1965-07-01,677.23,17.38,22.3
1965-06-01,678.27,17.57,22.39
1965-05-01,716.62,18.65,23.71
1965-04-01,706.11,18.59,23.42
1965-03-01,699.18,18.55,23.25
1965-02-01,700.78,18.71,23.37
1965-01-01,695.69,18.75,23.27
1964-12-01,678.24,18.45,22.75
1964-11-01,690.20,18.89,23.23
1964-10-01,687.63,18.87,23.21
1964-09-01,675.96,18.66,22.89
1964-08-01,666.68,18.54,22.65
1964-07-01,674.42,19.01,22.98
1964-06-01,652.37,18.53,22.3
1964-05-01,658.40,18.86,22.57
1964-04-01,652.04,18.9,22.42
1964-03-01,642.74,18.85,22.17
1964-02-01,631.24,18.75,21.83
1964-01-01,623.57,18.77,21.63
1963-12-01,604.97,18.45,21.04
1963-11-01,594.25,18.16,20.72
1963-10-01,597.61,18.35,20.89
1963-09-01,598.08,18.4,20.96
1963-08-01,582.72,18.11,20.47
1963-07-01,567.04,17.8,19.97
1963-06-01,577.46,18.26,20.38
1963-05-01,579.60,18.47,20.51
1963-04-01,568.20,18.32,20.15
1963-03-01,542.67,17.7,19.29
1963-02-01,546.52,17.83,19.47
1963-01-01,539.39,17.66,19.26
1962-12-01,519.33,17.07,18.59
1962-11-01,497.78,16.57,17.85
1962-10-01,465.69,15.7,16.74
1962-09-01,480.86,16.43,17.32
1962-08-01,486.77,16.67,17.57
1962-07-01,473.88,16.32,17.14
1962-06-01,464.27,16.03,16.83
1962-05-01,525.69,18.33,19.09
1962-04-01,567.92,20,20.66
1962-03-01,588.56,20.86,21.44
1962-02-01,587.98,21.21,21.45
1962-01-01,580.28,21.25,21.2
1961-12-01,602.71,22.49,22.04
1961-11-01,597.16,22.61,21.86
1961-10-01,571.29,21.96,20.92
1961-09-01,565.07,22.05,20.71
1961-08-01,571.43,22.27,20.94
1961-07-01,549.78,21.55,20.15
1961-06-01,554.99,21.66,20.33
1961-05-01,562.43,21.8,20.6
1961-04-01,556.77,21.44,20.38
1961-03-01,542.30,20.75,19.84
1961-02-01,525.81,19.74,19.23
1961-01-01,505.09,18.6,18.47
1960-12-01,480.39,17.37,17.56
1960-11-01,469.15,16.96,17.15
1960-10-01,454.43,16.43,16.61
1960-09-01,466.70,16.76,17.05
1960-08-01,481.17,17.3,17.58
1960-07-01,475.47,17.11,17.38
1960-06-01,487.56,17.56,17.82
1960-05-01,471.78,16.72,17.26
1960-04-01,476.14,16.65,17.43
1960-03-01,471.67,16.23,17.29
1960-02-01,478.19,16.45,17.55
1960-01-01,499.17,17.12,18.34
1959-12-01,506.30,17.42,18.62
1959-11-01,490.62,16.82,18.07
1959-10-01,488.65,16.68,18.02
1959-09-01,490.74,16.63,18.12
1959-08-01,512.71,17.37,18.96
1959-07-01,515.64,17.52,19.09
1959-06-01,497.67,16.9,18.45
1959-05-01,503.73,17.55,18.69
1959-04-01,496.25,17.81,18.43
1959-03-01,489.77,18.06,18.2
1959-02-01,477.65,18.04,17.76
1959-01-01,483.39,18.77,17.98
1958-12-01,466.49,18.51,17.36
1958-11-01,456.28,18.19,16.99
1958-10-01,444.34,17.67,16.56
1958-09-01,426.98,17,15.93
1958-08-01,415.99,16.47,15.54
1958-07-01,399.61,15.78,14.96
1958-06-01,390.27,15.27,14.64
1958-05-01,381.11,14.57,14.32
1958-04-01,369.25,13.79,13.91
1958-03-01,368.52,13.41,13.93
1958-02-01,363.60,12.83,13.78
1958-01-01,362.37,12.49,13.79
1957-12-01,357.91,11.97,13.67
1957-11-01,358.09,11.86,13.74
1957-10-01,367.28,12,14.15
1957-09-01,391.68,12.67,15.16
1957-08-01,408.25,13.27,15.87
1957-07-01,432.03,14.12,16.87
1957-06-01,426.49,13.9,16.73
1957-05-01,421.08,13.71,16.6
1957-04-01,406.96,13.22,16.12
1957-03-01,399.18,12.95,15.9
1957-02-01,395.53,12.77,15.84
1957-01-01,414.86,13.34,16.72
1956-12-01,424.08,13.62,17.2
1956-11-01,419.39,13.35,17.12
1956-10-01,423.79,13.43,17.42
1956-09-01,430.86,13.54,17.84
1956-08-01,447.67,13.83,18.67
1956-07-01,448.70,13.73,18.86
1956-06-01,428.74,12.85,18.16
1956-05-01,434.44,12.82,18.54
1956-04-01,450.20,13.13,19.37
1956-03-01,446.62,12.87,19.37
1956-02-01,417.84,12.12,18.27
1956-01-01,415.20,12.12,18.29
1955-12-01,426.68,12.53,18.94
1955-11-01,421.16,12.63,18.84
1955-10-01,394.55,12.03,17.77
1955-09-01,415.44,12.89,18.84
1955-08-01,399.03,12.6,18.22
1955-07-01,401.47,12.96,18.45
1955-06-01,375.51,12.35,17.37
1955-05-01,354.93,12,16.52
1955-04-01,356.44,12.39,16.69
1955-03-01,344.55,12.33,16.22
1955-02-01,347.28,12.7,16.44
1955-01-01,336.05,12.56,15.99
1954-12-01,330.10,12.62,15.79
1954-11-01,314.48,12.28,15.12
1954-10-01,302.63,12.02,14.62
1954-09-01,295.77,11.96,14.36
1954-08-01,287.92,11.7,14.04
1954-07-01,282.30,11.49,13.83
1954-06-01,271.34,11.05,13.36
1954-05-01,269.18,11.06,13.31
1954-04-01,259.84,10.74,12.91
1954-03-01,248.95,10.42,12.42
1954-02-01,243.79,10.26,12.22
1954-01-01,238.55,10.09,12
1953-12-01,232.64,9.89,11.75
1953-11-01,229.55,9.71,11.64
1953-10-01,223.75,9.45,11.39
1953-09-01,218.03,9.13,11.14
1953-08-01,228.52,9.61,11.72
1953-07-01,228.43,9.63,11.75
1953-06-01,225.24,9.54,11.62
1953-05-01,234.48,10,12.14
1953-04-01,234.13,10.06,12.16
1953-03-01,246.26,10.7,12.83
1953-02-01,245.95,10.69,12.86
1953-01-01,248.06,10.86,13.01
1952-12-01,245.81,10.85,12.93
1952-11-01,236.27,10.49,12.47
1952-10-01,229.01,10.22,12.13
1952-09-01,233.91,10.5,12.43
1952-08-01,237.69,10.7,12.68
1952-07-01,236.75,10.69,12.67
1952-06-01,231.87,10.42,12.45
1952-05-01,226.55,10.06,12.2
1952-04-01,226.64,9.97,12.24
1952-03-01,228.18,9.92,12.36
1952-02-01,227.60,9.84,12.36
1952-01-01,230.07,9.97,12.53
1951-12-01,222.65,9.59,12.15
1951-11-01,216.81,9.22,11.85
1951-10-01,224.72,9.39,12.31
1951-09-01,226.74,9.35,12.44
1951-08-01,222.75,8.87,12.26
1951-07-01,213.41,8.28,11.78
1951-06-01,209.71,7.92,11.62
1951-05-01,213.41,7.96,11.86
1951-04-01,214.13,7.85,11.95
1951-03-01,211.30,7.64,11.84
1951-02-01,215.75,7.76,12.14
1951-01-01,210.46,7.48,11.9
1950-12-01,199.11,6.95,11.31
1950-11-01,202.34,7.08,11.54
1950-10-01,203.58,7.2,11.66
1950-09-01,197.09,7.01,11.34
1950-08-01,191.15,6.93,11.04
1950-07-01,181.76,6.68,10.54
1950-06-01,198.45,7.38,11.55
1950-05-01,196.10,7.43,11.46
1950-04-01,190.52,7.35,11.18
1950-03-01,185.29,7.32,10.91
1950-02-01,184.58,7.31,10.91
1950-01-01,181.04,7.22,10.75
1949-12-01,176.64,7.13,10.53
1949-11-01,170.60,6.87,10.22
1949-10-01,168.98,6.71,10.17
1949-09-01,163.35,6.48,9.88
1949-08-01,161.92,6.39,9.85
1949-07-01,156.97,6.16,9.61
1949-06-01,147.32,5.82,9.07
1949-05-01,156.52,6.18,9.69
1949-04-01,157.02,6.24,9.78
1949-03-01,157.89,6.26,9.9
1949-02-01,156.41,6.29,9.87
1949-01-01,161.30,6.62,10.25
1948-12-01,158.86,6.63,10.16
1948-11-01,159.24,6.9,10.25
1948-10-01,167.23,7.55,10.83
1948-09-01,162.13,7.61,10.55
1948-08-01,163.98,7.97,10.72
1948-07-01,169.61,8.51,11.13
1948-06-01,175.90,9.04,11.58
1948-05-01,170.31,8.92,11.24
1948-04-01,163.08,8.75,10.78
1948-03-01,154.02,8.36,10.19
1948-02-01,151.22,8.41,10
1948-01-01,157.71,9.02,10.42
1947-12-01,161.89,9.34,10.68
1947-11-01,166.61,9.6,10.98
1947-10-01,169.30,9.84,11.13
1947-09-01,165.03,9.72,10.83
1947-08-01,173.18,10.22,11.34
1947-07-01,179.04,10.68,11.7
1947-06-01,170.01,10.31,11.08
1947-05-01,165.03,10.37,10.73
1947-04-01,168.03,11,10.9
1947-03-01,174.47,11.94,11.29
1947-02-01,185.22,13.17,11.95
1947-01-01,178.30,13.46,11.47
1946-12-01,177.36,14.27,11.37
1946-11-01,173.82,14.64,11.11
1946-10-01,178.73,15.58,11.39
1946-09-01,186.43,16.96,11.84
1946-08-01,220.85,20.27,13.98
1946-07-01,229.76,21.07,14.51
1946-06-01,250.42,22.12,15.77
1946-05-01,254.76,21.74,16.01
1946-04-01,255.60,21.2,16.04
1946-03-01,241.43,19.48,15.13
1946-02-01,251.62,19.64,15.76
1946-01-01,249.55,19.17,15.62
1945-12-01,239.99,18.05,15.02
1945-11-01,237.28,17.57,14.85
1945-10-01,229.76,16.84,14.37
1945-09-01,220.57,16,13.8
1945-08-01,206.50,14.93,12.92
1945-07-01,205.81,14.83,12.87
1945-06-01,210.12,15.09,13.13
1945-05-01,208.67,15.02,13.04
1945-04-01,202.20,14.67,12.63
1945-03-01,197.24,14.51,12.32
1945-02-01,197.38,14.67,12.34
1945-01-01,191.01,14.35,11.96
1944-12-01,185.49,14.09,11.64
1944-11-01,182.55,13.93,11.48
1944-10-01,183.83,14.19,11.58
1944-09-01,179.42,14,11.33
1944-08-01,182.41,14.13,11.54
1944-07-01,185.11,14.23,11.74
1944-06-01,181.44,13.77,11.53
1944-05-01,174.27,13.1,11.1
1944-04-01,171.24,12.83,10.94
1944-03-01,175.27,13.01,11.22
1944-02-01,170.49,12.61,10.95
1944-01-01,171.65,12.65,11.05
1943-12-01,166.29,12.21,10.74
1943-11-01,164.11,11.48,10.63
1943-10-01,172.08,11.5,11.19
1943-09-01,173.67,11.1,11.34
1943-08-01,171.04,10.8,11.21
1943-07-01,178.89,11.3,11.77
1943-06-01,174.27,11,11.52
1943-05-01,171.24,10.91,11.36
1943-04-01,165.71,10.59,11.04
1943-03-01,162.21,10.35,10.85
1943-02-01,159.43,10.12,10.71
1943-01-01,150.48,9.67,10.15
1942-12-01,141.98,9.24,9.62
1942-11-01,142.07,9.47,9.66
1942-10-01,140.66,9.61,9.6
1942-09-01,132.59,9.23,9.08
1942-08-01,131.21,9.01,9.01
1942-07-01,132.78,8.94,9.15
1942-06-01,128.80,8.5,8.91
1942-05-01,122.62,7.93,8.51
1942-04-01,122.73,7.69,8.54
1942-03-01,128.85,7.87,9
1942-02-01,137.98,8.01,9.68
1942-01-01,143.36,7.97,10.1
1941-12-01,142.44,7.55,10.09
1941-11-01,153.35,8.01,10.91
1941-10-01,161.93,8.33,11.58
1941-09-01,170.92,8.61,12.28
1941-08-01,172.71,8.83,12.46
1941-07-01,175.91,9.13,12.74
1941-06-01,167.34,8.95,12.16
1941-05-01,165.05,8.73,12.04
1941-04-01,169.91,9.01,12.43
1941-03-01,176.60,9.39,12.96
1941-02-01,176.78,9.36,13
1941-01-01,188.58,10.02,13.9
1940-12-01,188.22,10.03,13.91
1940-11-01,197.67,10.36,14.64
1940-10-01,193.17,10.03,14.33
1940-09-01,191.37,9.84,14.21
1940-08-01,183.63,9.56,13.65
1940-07-01,179.85,9.48,13.37
1940-06-01,172.85,9.3,12.84
1940-05-01,190.47,10.34,14.14
1940-04-01,220.89,12.19,16.37
1940-03-01,218.73,12.27,16.17
1940-02-01,219.99,12.73,16.22
1940-01-01,223.03,13.23,16.38
1939-12-01,222.69,13.74,16.28
1939-11-01,228.09,14.56,16.6
1939-10-01,232.24,15.36,16.82
1939-09-01,228.26,15.77,16.45
1939-08-01,210.76,14.55,15.12
1939-07-01,213.87,15.08,15.27
1939-06-01,208.75,15.04,14.83
1939-05-01,205.10,15.11,14.5
1939-04-01,197.80,14.9,13.92
1939-03-01,224.66,17.45,15.73
1939-02-01,224.84,18.06,15.66
1939-01-01,225.03,18.84,15.6
1938-12-01,228.45,19.83,15.76
1938-11-01,235.30,20.64,16.15
1938-10-01,235.12,20.84,16.06
1938-09-01,210.03,18.95,14.28
1938-08-01,220.04,18.37,14.9
1938-07-01,218.79,17,14.77
1938-06-01,182.50,13.26,12.29
1938-05-01,178.39,11.93,11.99
1938-04-01,175.54,10.95,11.79
1938-03-01,184.29,10.63,12.38
1938-02-01,197.34,10.79,13.26
1938-01-01,200.74,10.5,13.51
1937-12-01,192.88,9.75,13.01
1937-11-01,194.68,9.66,13.16
1937-10-01,211.99,10.32,14.36
1937-09-01,248.07,11.78,16.85
1937-08-01,290.97,13.91,19.81
1937-07-01,288.02,13.96,19.65
1937-06-01,273.74,13.37,18.71
1937-05-01,284.42,14.13,19.47
1937-04-01,299.80,15.05,20.56
1937-03-01,321.08,16.3,22.04
1937-02-01,323.72,16.77,22.24
1937-01-01,314.42,16.75,21.62
1936-12-01,307.13,16.73,21.13
1936-11-01,312.53,17.48,21.5
1936-10-01,304.07,17.47,20.91
1936-09-01,288.94,17.07,19.86
1936-08-01,285.70,17.25,19.62
1936-07-01,282.14,17.29,19.36
1936-06-01,268.29,16.69,18.39
1936-05-01,259.21,16.58,17.75
1936-04-01,273.75,18.15,18.72
1936-03-01,273.38,18.81,18.66
1936-02-01,265.74,18.65,18.1
1936-01-01,251.31,17.87,17.09
1935-12-01,238.16,17.16,16.16
1935-11-01,238.16,17.16,16.13
1935-10-01,219.29,15.68,14.83
1935-09-01,213.59,15.28,14.42
1935-08-01,209.17,14.64,14.11
1935-07-01,195.93,13.42,13.2
1935-06-01,186.18,12.49,12.54
1935-05-01,178.07,12.45,11.99
1935-04-01,165.10,11.95,11.1
1935-03-01,154.72,11.52,10.4
1935-02-01,165.20,13.82,11.09
1935-01-01,171.61,16.25,11.5
1934-12-01,174.17,18.9,11.64
1934-11-01,171.76,18.94,11.45
1934-10-01,167.09,18.58,11.11
1934-09-01,164.57,18.6,10.91
1934-08-01,171.16,19.23,11.32
1934-07-01,178.12,20.18,11.74
1934-06-01,186.96,21.38,12.29
1934-05-01,185.90,21.29,12.18
1934-04-01,206.94,23.91,13.52
1934-03-01,203.53,23.73,13.25
1934-02-01,214.52,25.25,13.93
1934-01-01,201.25,23.73,13.03
1933-12-01,190.37,22.66,12.28
1933-11-01,186.74,22.35,12.01
1933-10-01,182.35,21.95,11.7
1933-09-01,202.01,24.46,12.92
1933-08-01,203.73,24.81,13
1933-07-01,216.06,26.27,13.75
1933-06-01,206.19,24.45,13.1
1933-05-01,177.43,20.99,11.25
1933-04-01,137.82,16.4,8.72
1933-03-01,124.62,14.92,7.87
1933-02-01,124.03,15.06,7.83
1933-01-01,138.52,17.19,8.73
1932-12-01,131.21,16.63,8.26
1932-11-01,134.61,16.52,8.46
1932-10-01,134.93,16.06,8.48
1932-09-01,155.36,17.96,9.76
1932-08-01,140.58,15.8,8.83
1932-07-01,92.85,10.16,5.84
1932-06-01,88.40,9.35,5.57
1932-05-01,101.37,10.46,6.39
1932-04-01,113.87,11.56,7.19
1932-03-01,148.70,14.75,9.41
1932-02-01,147.11,14.27,9.34
1932-01-01,146.29,13.99,9.31
1931-12-01,145.70,13.84,9.31
1931-11-01,178.14,16.23,11.42
1931-10-01,173.38,15.3,11.15
1931-09-01,198.77,16.9,12.82
1931-08-01,232.01,19.04,15.01
1931-07-01,239.19,18.86,15.52
1931-06-01,231.51,17.56,15.06
1931-05-01,236.06,17.48,15.4
1931-04-01,257.89,18.66,16.87
1931-03-01,283.22,19.92,18.58
1931-02-01,276.12,18.9,18.16
1931-01-01,253.31,17,16.71
1930-12-01,242.80,15.99,16.06
1930-11-01,255.42,16.25,16.94
1930-10-01,273.73,16.64,18.21
1930-09-01,315.50,18.39,21.07
1930-08-01,317.57,17.57,21.3
1930-07-01,319.75,17.03,21.55
1930-06-01,322.85,16.68,21.87
1930-05-01,357.03,17.83,24.31
1930-04-01,377.46,18.22,25.84
1930-03-01,357.03,16.51,24.59
1930-02-01,342.03,15.35,23.7
1930-01-01,319.99,13.94,22.31
1929-12-01,313.58,13.29,22.01
1929-11-01,299.82,12.94,21.17
1929-10-01,407.78,17.81,28.96
1929-09-01,456.00,20.17,32.56
1929-08-01,438.52,19.63,31.48
1929-07-01,414.92,18.81,29.93
1929-06-01,385.43,17.49,27.94
1929-05-01,380.43,17.38,27.7
1929-04-01,377.01,17.35,27.57
1929-03-01,377.02,17.68,27.68
1929-02-01,368.33,17.62,27.13
1929-01-01,366.41,17.77,27.08
1928-12-01,341.21,16.78,25.3
1928-11-01,337.91,16.99,25.12
1928-10-01,316.51,16.18,23.58
1928-09-01,308.42,16.14,23
1928-08-01,291.54,15.33,21.76
1928-07-01,282.40,15.11,21.08
1928-06-01,280.34,15.28,20.91
1928-05-01,293.07,16.37,21.83
1928-04-01,285.94,16.17,21.26
1928-03-01,268.99,15.51,19.94
1928-02-01,255.28,15,18.87
1928-01-01,255.39,15.47,18.81
1927-12-01,254.37,15.73,18.65
1927-11-01,248.54,15.22,18.13
1927-10-01,241.61,14.73,17.54
1927-09-01,246.79,14.82,17.82
1927-08-01,234.89,13.9,16.86
1927-07-01,221.74,13.08,15.82
1927-06-01,213.23,12.67,15.12
1927-05-01,212.93,12.39,15
1927-04-01,207.02,11.87,14.49
1927-03-01,202.07,11.48,14.03
1927-02-01,197.86,11.22,13.63
1927-01-01,192.99,10.9,13.19
1926-12-01,192.09,10.88,13.01
1926-11-01,187.82,10.63,12.62
1926-10-01,186.45,10.48,12.43
1926-09-01,191.84,10.72,12.69
1926-08-01,190.04,10.56,12.49
1926-07-01,181.76,10.14,11.87
1926-06-01,172.44,9.73,11.2
1926-05-01,163.68,9.28,10.58
1926-04-01,161.64,9.21,10.4
1926-03-01,167.22,9.46,10.71
1926-02-01,178.40,10.15,11.39
1926-01-01,178.12,10.13,11.34
1925-12-01,175.44,9.97,11.15
1925-11-01,171.67,10.02,10.89
1925-10-01,169.31,9.93,10.72
1925-09-01,163.90,9.84,10.36
1925-08-01,160.19,9.84,10.11
1925-07-01,158.06,9.94,9.96
1925-06-01,155.54,9.91,9.8
1925-05-01,154.57,9.98,9.73
1925-04-01,150.64,9.91,9.48
1925-03-01,151.37,10.29,9.52
1925-02-01,156.35,10.85,9.83
1925-01-01,154.14,11.06,9.69
1924-12-01,148.02,10.92,9.31
1924-11-01,141.26,10.32,8.89
1924-10-01,133.79,9.73,8.42
1924-09-01,136.34,9.81,8.58
1924-08-01,138.47,9.87,8.72
1924-07-01,133.09,9.5,8.38
1924-06-01,127.95,9.04,8.05
1924-05-01,125.57,8.83,7.9
1924-04-01,126.02,8.82,7.92
1924-03-01,128.23,8.99,8.06
1924-02-01,129.98,9.13,8.16
1924-01-01,128.64,9.05,8.07
1923-12-01,124.56,8.72,7.81
1923-11-01,120.48,8.65,7.55
1923-10-01,116.99,8.62,7.32
1923-09-01,119.42,8.98,7.46
1923-08-01,119.39,9.17,7.44
1923-07-01,118.11,9.38,7.35
1923-06-01,123.65,9.99,7.67
1923-05-01,129.30,10.69,8
1923-04-01,135.71,11.57,8.37
1923-03-01,141.47,12.37,8.7
1923-02-01,139.22,12.57,8.53
1923-01-01,133.52,12.46,8.15
1922-12-01,130.94,12.72,7.96
1922-11-01,132.02,13.4,8
1922-10-01,139.75,14.86,8.43
1922-09-01,137.56,15.36,8.27
1922-08-01,134.07,15.86,8.02
1922-07-01,127.67,16.26,7.6
1922-06-01,127.53,17.24,7.56
1922-05-01,128.74,18.68,7.59
1922-04-01,123.91,19.4,7.27
1922-03-01,116.81,19.85,6.82
1922-02-01,111.25,20.91,6.46
1922-01-01,108.87,22.58,6.29
1921-12-01,106.50,25.21,6.11
1921-11-01,102.26,21.23,5.84
1921-10-01,96.49,17.87,5.48
1921-09-01,95.20,15.83,5.38
1921-08-01,91.84,14.02,5.16
1921-07-01,92.98,13,5.2
1921-06-01,93.80,12.02,5.22
1921-05-01,101.38,12.12,5.61
1921-04-01,96.22,10.97,5.3
1921-03-01,94.76,10.23,5.19
1921-02-01,96.71,9.87,5.27
1921-01-01,94.32,9.39,5.12
1920-12-01,88.47,8.51,4.78
1920-11-01,95.21,9.23,5.13
1920-10-01,99.80,9.59,5.35
1920-09-01,99.18,9.45,5.3
1920-08-01,94.36,9.01,5.02
1920-07-01,95.85,9.26,5.08
1920-06-01,95.51,9.16,5.04
1920-05-01,98.61,9.2,5.19
1920-04-01,106.77,9.7,5.6
1920-03-01,110.92,9.66,5.8
1920-02-01,104.69,8.92,5.46
1920-01-01,115.31,9.61,5.99
1919-12-01,118.95,9.59,6.16
1919-11-01,125.20,9.83,6.47
1919-10-01,131.87,10.07,6.79
1919-09-01,127.58,9.53,6.56
1919-08-01,126.30,9.34,6.48
1919-07-01,137.75,9.96,7.05
1919-06-01,137.35,9.59,7.02
1919-05-01,133.77,9.3,6.83
1919-04-01,126.62,8.65,6.46
1919-03-01,124.79,8.33,6.36
1919-02-01,122.60,8.04,6.24
1919-01-01,119.91,7.97,6.1
1918-12-01,120.67,7.98,6.13
1918-11-01,124.63,7.95,6.33
1918-10-01,123.81,7.57,6.29
1918-09-01,121.04,7.09,6.15
1918-08-01,124.06,6.97,6.3
1918-07-01,125.35,6.76,6.37
1918-06-01,127.73,6.56,6.5
1918-05-01,129.32,6.42,6.58
1918-04-01,127.97,6.09,6.52
1918-03-01,131.06,6.03,6.69
1918-02-01,132.81,6.03,6.78
1918-01-01,129.80,5.74,6.64
1917-12-01,125.10,5.31,6.41
1917-11-01,131.43,5.41,6.75
1917-10-01,143.38,5.81,7.39
1917-09-01,153.88,6.05,7.95
1917-08-01,165.38,6.26,8.57
1917-07-01,173.08,6.35,9
1917-06-01,175.26,6.43,9.15
1917-05-01,174.46,6.21,9.14
1917-04-01,183.43,6.34,9.64
1917-03-01,195.54,6.34,10.33
1917-02-01,189.66,6.07,10.06
1917-01-01,206.15,6.34,10.99
1916-12-01,212.93,6.41,11.41
1916-11-01,223.77,6.92,12.05
1916-10-01,222.60,7.02,12.05
1916-09-01,219.80,7.08,11.94
1916-08-01,215.04,7.08,11.73
1916-07-01,215.40,7.33,11.79
1916-06-01,218.43,7.77,12
1916-05-01,218.35,8.05,12.03
1916-04-01,215.66,8.27,11.91
1916-03-01,220.11,8.8,12.18
1916-02-01,222.96,9.31,12.35
1916-01-01,226.11,9.99,12.54
1915-12-01,231.97,10.77,12.88
1915-11-01,231.48,11.13,12.86
1915-10-01,225.85,11.15,12.55
1915-09-01,216.10,10.96,12.01
1915-08-01,208.37,10.99,11.58
1915-07-01,199.88,10.97,11.11
1915-06-01,200.63,11.49,11.15
1915-05-01,198.39,11.87,11.03
1915-04-01,205.16,12.72,11.4
1915-03-01,192.72,12.41,10.71
1915-02-01,186.00,12.72,10.33
1915-01-01,186.66,13.6,10.36
1914-12-01,183.41,14.13,10.17
1914-11-01,189.77,14.51,10.52
1914-10-01,191.65,14.27,10.61
1914-09-01,189.77,14.03,10.5
1914-08-01,189.77,13.8,10.49
1914-07-01,193.57,13.57,10.69
1914-06-01,206.98,14.14,11.43
1914-05-01,207.99,13.98,11.48
1914-04-01,208.83,13.69,11.52
1914-03-01,211.81,13.81,11.69
1914-02-01,215.89,13.86,11.91
1914-01-01,210.96,13.48,11.64
1913-12-01,202.64,12.76,11.17
1913-11-01,200.88,12.66,11.07
1913-10-01,208.18,12.87,11.47
1913-09-01,214.99,13.17,11.84
1913-08-01,215.12,12.93,11.85
1913-07-01,209.52,12.48,11.53
1913-06-01,208.83,12.21,11.49
1913-05-01,222.16,12.75,12.22
1913-04-01,226.06,12.99,12.43
1913-03-01,226.32,12.89,12.44
1913-02-01,230.69,13.03,12.68
1913-01-01,239.18,13.4,13.15
1912-12-01,243.72,13.4,13.4
1912-11-01,250.24,14.09,13.75
1912-10-01,253.07,14.43,13.9
1912-09-01,253.58,14.66,13.93
1912-08-01,254.90,14.79,13.99
1912-07-01,251.51,14.66,13.8
1912-06-01,251.25,14.85,13.78
1912-05-01,248.92,15.07,13.65
1912-04-01,249.18,15.3,13.66
1912-03-01,248.83,15.06,13.64
1912-02-01,246.85,14.86,13.53
1912-01-01,251.76,15.22,13.8
1911-12-01,253.99,15.44,13.93
1911-11-01,250.38,15.07,13.73
1911-10-01,238.11,14.22,13.07
1911-09-01,236.75,13.87,13
1911-08-01,253.14,14.4,13.91
1911-07-01,274.25,14.85,15.08
1911-06-01,278.54,14.65,15.33
1911-05-01,273.07,14.11,15.05
1911-04-01,267.30,13.58,14.76
1911-03-01,259.84,13.41,14.37
1911-02-01,265.85,13.34,14.73
1911-01-01,253.13,12.91,14.05
1910-12-01,247.12,12.4,13.74
1910-11-01,254.22,12.71,14.16
1910-10-01,249.36,12.68,13.92
1910-09-01,231.51,12.08,12.94
1910-08-01,227.61,11.96,12.75
1910-07-01,219.96,11.64,12.34
1910-06-01,231.67,12.21,13.01
1910-05-01,241.19,12.79,13.57
1910-04-01,240.65,12.96,13.56
1910-03-01,248.79,13.24,14.04
1910-02-01,247.46,12.87,14
1910-01-01,256.62,13.31,14.54
1909-12-01,259.86,13.55,14.75
1909-11-01,259.17,13.66,14.74
1909-10-01,263.10,14.01,14.99
1909-09-01,267.25,14.25,15.25
1909-08-01,269.79,14.54,15.43
1909-07-01,265.95,14.51,15.23
1909-06-01,262.21,14.63,15.04
1909-05-01,260.42,14.7,14.96
1909-04-01,254.50,14.56,14.64
1909-03-01,248.69,14.27,14.33
1909-02-01,245.35,14.43,14.17
1909-01-01,255.42,15.23,14.77
1908-12-01,251.76,15.57,14.58
1908-11-01,248.94,15.05,14.44
1908-10-01,235.52,13.94,13.69
1908-09-01,235.33,13.62,13.71
1908-08-01,237.92,13.61,13.89
1908-07-01,228.13,12.91,13.35
1908-06-01,222.35,12.32,13.05
1908-05-01,222.06,12.17,13.08
1908-04-01,210.71,11.43,12.45
1908-03-01,202.28,10.73,11.99
1908-02-01,194.33,10.21,11.56
1908-01-01,199.36,10.49,11.9
1907-12-01,189.24,9.95,11.34
1907-11-01,176.20,9.35,10.6
1907-10-01,179.56,9.81,10.84
1907-09-01,203.43,10.88,12.33
1907-08-01,205.62,10.86,12.51
1907-07-01,222.27,11.6,13.58
1907-06-01,214.08,11.04,13.14
1907-05-01,223.60,11.28,13.8
1907-04-01,236.53,11.55,14.68
1907-03-01,235.40,11.36,14.69
1907-02-01,258.17,12.46,16.22
1907-01-01,272.26,12.72,17.22
1906-12-01,277.41,12.95,17.67
1906-11-01,282.80,13.2,18.14
1906-10-01,280.27,13.06,18.1
1906-09-01,295.32,13.6,19.21
1906-08-01,289.53,13.33,18.96
1906-07-01,275.78,12.54,18.19
1906-06-01,273.83,13.01,18.18
1906-05-01,270.29,12.98,18.06
1906-04-01,280.60,13.47,18.87
1906-03-01,284.47,13.81,19.26
1906-02-01,291.61,14.31,19.86
1906-01-01,293.70,14.57,20.13
1905-12-01,283.88,14.24,19.57
1905-11-01,280.34,14.21,19.45
1905-10-01,284.91,14.62,19.89
1905-09-01,280.96,14.77,19.74
1905-08-01,277.03,15.08,19.58
1905-07-01,270.00,14.91,19.2
1905-06-01,261.78,14.83,18.73
1905-05-01,258.73,15.04,18.63
1905-04-01,269.20,16.25,19.49
1905-03-01,272.51,16.92,19.84
1905-02-01,261.86,16.92,19.17
1905-01-01,250.85,16.69,18.46
1904-12-01,245.49,16.84,18.16
1904-11-01,243.11,16.56,18.07
1904-10-01,235.91,15.6,17.63
1904-09-01,222.82,14.64,16.74
1904-08-01,215.99,13.93,16.31
1904-07-01,211.23,13.38,16.03
1904-06-01,202.81,12.76,15.47
1904-05-01,202.50,12.66,15.52
1904-04-01,202.12,12.85,15.56
1904-03-01,195.13,12.46,15.09
1904-02-01,193.42,12.42,15.02
1904-01-01,203.34,12.68,15.86
1903-12-01,204.68,12.4,16.04
1903-11-01,195.65,11.67,15.4
1903-10-01,192.88,11.45,15.26
1903-09-01,196.94,11.66,15.65
1903-08-01,204.28,11.77,16.31
1903-07-01,211.06,11.98,16.93
1903-06-01,221.23,12.38,17.83
1903-05-01,234.17,12.92,18.96
1903-04-01,233.37,12.99,18.99
1903-03-01,243.31,13.36,19.89
1903-02-01,244.76,13.71,20.11
1903-01-01,246.22,13.61,20.32
1902-12-01,237.02,12.78,19.64
1902-11-01,245.19,13.31,20.41
1902-10-01,246.85,14.09,20.62
1902-09-01,272.68,14.81,22.87
1902-08-01,275.09,15.05,23.17
1902-07-01,264.98,14.94,22.4
1902-06-01,259.12,14.88,21.97
1902-05-01,263.57,15.27,22.42
1902-04-01,267.49,15.61,22.83
1902-03-01,261.61,15.4,22.41
1902-02-01,261.29,15.7,22.46
1902-01-01,259.06,15.9,22.34
1901-12-01,250.78,15.9,21.69
1901-11-01,257.78,16.22,22.37
1901-10-01,255.59,15.93,22.26
1901-09-01,258.50,16.16,22.6
1901-08-01,262.83,16.3,23.07
1901-07-01,262.64,16.13,23.15
1901-06-01,284.88,17.35,25.23
1901-05-01,259.08,15.83,23.06
1901-04-01,272.82,16.72,24.4
1901-03-01,248.73,15.48,22.36
1901-02-01,240.12,15,21.69
1901-01-01,231.12,14.68,20.97
1900-12-01,227.53,14.31,20.75
1900-11-01,211.83,13.5,19.42
1900-10-01,196.47,12.52,18.1
1900-09-01,187.41,12.08,17.35
1900-08-01,194.18,12.38,18.07
1900-07-01,189.35,12.21,17.7
1900-06-01,191.56,12.21,17.99
1900-05-01,195.17,12.58,18.41
1900-04-01,199.99,13.21,18.95
1900-03-01,197.47,13.04,18.78
1900-02-01,195.89,12.94,18.71
1900-01-01,194.61,12.71,18.67
"Dec 1, 1899",192.06,12.54,18.51
"Nov 1, 1899",208.74,13.77,20.21
"Oct 1, 1899",207.25,13.83,20.15
"Sep 1, 1899",210.97,14.23,20.6
"Aug 1, 1899",221.44,14.75,21.72
"Jul 1, 1899",218.92,14.75,21.57
"Jun 1, 1899",214.27,14.63,21.2
"May 1, 1899",222.32,15.36,22.1
"Apr 1, 1899",231.99,16.48,23.16
"Mar 1, 1899",232.09,16.73,23.27
"Feb 1, 1899",228.83,16.98,23.04
"Jan 1, 1899",226.69,16.85,22.92
"Dec 1, 1898",210.65,16.14,21.39
"Nov 1, 1898",201.33,15.34,20.53
"Oct 1, 1898",194.89,15,19.95
"Sep 1, 1898",199.06,15.47,20.45
"Aug 1, 1898",199.44,15.65,20.55
"Jul 1, 1898",192.25,15.24,19.86
"Jun 1, 1898",188.66,15.33,19.53
"May 1, 1898",169.77,14.91,17.6
"Apr 1, 1898",170.39,14.14,17.7
"Mar 1, 1898",173.37,14.53,18.03
"Feb 1, 1898",181.57,15.38,18.91
"Jan 1, 1898",184.68,15.58,19.25
"Dec 1, 1897",179.76,15.32,18.75
"Nov 1, 1897",175.97,15.41,18.36
"Oct 1, 1897",182.41,16.43,19.03
"Sep 1, 1897",185.67,17.47,19.36
"Aug 1, 1897",182.22,17.17,18.99
"Jul 1, 1897",179.00,16.62,18.65
"Jun 1, 1897",171.37,16.42,17.85
"May 1, 1897",163.74,16.21,17.05
"Apr 1, 1897",160.64,16.69,16.71
"Mar 1, 1897",163.22,17.83,16.96
"Feb 1, 1897",162.83,18.44,16.9
"Jan 1, 1897",164.39,19.33,17.03
"Dec 1, 1896",159.70,20.1,16.5
"Nov 1, 1896",165.75,20.53,17.09
"Oct 1, 1896",159.71,18.92,16.44
"Sep 1, 1896",160.94,18.23,16.55
"Aug 1, 1896",152.91,17.06,15.7
"Jul 1, 1896",162.14,17.82,16.64
"Jun 1, 1896",173.38,18.78,17.78
"May 1, 1896",174.09,18.86,17.84
"Apr 1, 1896",172.18,18.67,17.65
"Mar 1, 1896",168.03,18.25,17.22
"Feb 1, 1896",170.71,18.29,17.5
"Jan 1, 1896",161.59,17.31,16.58
"Dec 1, 1895",161.07,17.28,16.54
"Nov 1, 1895",168.88,18.93,17.35
"Oct 1, 1895",174.77,20.21,17.95
"Sep 1, 1895",177.35,21.19,18.2
"Aug 1, 1895",176.24,21.77,18.08
"Jul 1, 1895",171.17,22.21,17.54
"Jun 1, 1895",168.26,22.93,17.21
"May 1, 1895",167.18,23.34,17.07
"Apr 1, 1895",160.79,23,16.39
"Mar 1, 1895",160.74,22.96,16.35
"Feb 1, 1895",160.74,23.94,16.32
"Jan 1, 1895",163.04,25.37,16.51
"Dec 1, 1894",164.96,26.88,16.66
"Nov 1, 1894",164.24,25.79,16.55
"Oct 1, 1894",164.24,24.56,16.51
"Sep 1, 1894",164.84,24.22,16.53
"Aug 1, 1894",164.42,22.81,16.45
"Jul 1, 1894",163.04,21.07,16.28
"Jun 1, 1894",166.49,20.67,16.6
"May 1, 1894",168.79,20.16,16.8
"Apr 1, 1894",175.31,20.16,17.42
"Mar 1, 1894",173.01,19.19,17.18
"Feb 1, 1894",163.30,18,16.19
"Jan 1, 1894",158.95,17.16,15.74
"Dec 1, 1893",157.88,16.96,15.62
"Nov 1, 1893",161.32,16.98,15.93
"Oct 1, 1893",154.73,16.17,15.27
"Sep 1, 1893",152.34,15.2,15.02
"Aug 1, 1893",147.96,13.75,14.58
"Jul 1, 1893",145.71,13.67,14.35
"Jun 1, 1893",156.59,14.63,15.42
"May 1, 1893",160.30,14.93,15.79
"Apr 1, 1893",173.58,15.93,17.1
"Mar 1, 1893",171.58,15.5,16.9
"Feb 1, 1893",173.81,15.67,17.13
"Jan 1, 1893",178.98,15.55,17.65
"Dec 1, 1892",182.49,14.89,18.02
"Nov 1, 1892",186.68,15.16,18.46
"Oct 1, 1892",192.21,15.32,19.03
"Sep 1, 1892",188.43,15.12,18.69
"Aug 1, 1892",193.24,15.61,19.2
"Jul 1, 1892",193.12,15.5,19.22
"Jun 1, 1892",198.34,15.61,19.77
"May 1, 1892",199.41,15.8,19.92
"Apr 1, 1892",199.41,15.91,19.95
"Mar 1, 1892",196.97,16.06,19.73
"Feb 1, 1892",189.80,16,19.03
"Jan 1, 1892",189.46,16.09,19.01
"Dec 1, 1891",181.32,15.91,18.2
"Nov 1, 1891",175.96,15.63,17.66
"Oct 1, 1891",176.53,16.07,17.72
"Sep 1, 1891",176.53,16.27,17.72
"Aug 1, 1891",161.16,15.25,16.16
"Jul 1, 1891",155.93,14.94,15.61
"Jun 1, 1891",156.72,15.4,15.66
"May 1, 1891",156.14,15.93,15.57
"Apr 1, 1891",154.84,16.2,15.4
"Mar 1, 1891",151.73,15.9,15.06
"Feb 1, 1891",156.33,16.43,15.47
"Jan 1, 1891",156.39,16.45,15.43
"Dec 1, 1890",146.76,15.86,14.44
"Nov 1, 1890",150.27,16.2,14.74
"Oct 1, 1890",158.26,17.42,15.48
"Sep 1, 1890",165.74,18.19,16.16
"Aug 1, 1890",170.65,18.45,16.6
"Jul 1, 1890",181.10,18.83,17.58
"Jun 1, 1890",182.41,18.92,17.68
"May 1, 1890",183.72,19,17.78
"Apr 1, 1890",178.51,18.17,17.26
"Mar 1, 1890",174.87,17.75,16.9
"Feb 1, 1890",176.19,17.83,17.03
"Jan 1, 1890",178.18,17.98,17.22
"Dec 1, 1889",171.90,17.73,16.61
"Nov 1, 1889",174.89,18.03,16.9
"Oct 1, 1889",176.52,18.41,17.05
"Sep 1, 1889",179.79,18.97,17.34
"Aug 1, 1889",177.85,18.73,17.14
"Jul 1, 1889",175.53,18.71,16.89
"Jun 1, 1889",179.18,19.32,17.22
"May 1, 1889",176.19,19.23,16.92
"Apr 1, 1889",167.38,18.95,16.05
"Mar 1, 1889",167.70,19.22,16.07
"Feb 1, 1889",169.09,19.87,16.19
"Jan 1, 1889",165.29,19.9,15.81
"Dec 1, 1888",156.46,19.77,14.94
"Nov 1, 1888",159.50,19.53,15.22
"Oct 1, 1888",164.84,19.34,15.72
"Sep 1, 1888",167.61,18.88,15.98
"Aug 1, 1888",163.56,17.9,15.6
"Jul 1, 1888",160.13,17.04,15.27
"Jun 1, 1888",158.04,16.16,15.08
"May 1, 1888",161.07,16.24,15.38
"Apr 1, 1888",157.14,15.61,15.02
"Mar 1, 1888",154.63,15.16,14.8
"Feb 1, 1888",160.72,15.38,15.41
"Jan 1, 1888",159.90,15.1,15.36
"Dec 1, 1887",160.42,14.64,15.45
"Nov 1, 1887",165.12,14.83,15.95
"Oct 1, 1887",164.03,14.65,15.88
"Sep 1, 1887",171.64,15.26,16.67
"Aug 1, 1887",171.92,15.57,16.74
"Jul 1, 1887",178.34,16.09,17.42
"Jun 1, 1887",180.75,16.61,17.71
"May 1, 1887",183.81,17.23,18.07
"Apr 1, 1887",180.69,17.06,17.82
"Mar 1, 1887",176.64,16.8,17.47
"Feb 1, 1887",172.59,16.54,17.12
"Jan 1, 1887",176.02,16.78,17.52
"Dec 1, 1886",182.24,17.09,18.2
"Nov 1, 1886",189.27,17.82,18.96
"Oct 1, 1886",184.70,17.66,18.55
"Sep 1, 1886",180.12,17.49,18.14
"Aug 1, 1886",175.54,17.32,17.72
"Jul 1, 1886",176.53,17.48,17.85
"Jun 1, 1886",175.96,17.5,17.82
"May 1, 1886",166.26,17.02,16.87
"Apr 1, 1886",165.44,17.66,16.81
"Mar 1, 1886",165.58,18.21,16.84
"Feb 1, 1886",167.18,18.93,17.01
"Jan 1, 1886",164.03,18.91,16.7
"Dec 1, 1885",160.22,19.26,16.31
"Nov 1, 1885",165.29,19.17,16.83
"Oct 1, 1885",156.97,17.78,15.98
"Sep 1, 1885",148.35,16.61,15.11
"Aug 1, 1885",148.57,16.63,15.13
"Jul 1, 1885",140.69,15.56,14.33
"Jun 1, 1885",137.19,14.83,13.97
"May 1, 1885",134.59,14.73,13.71
"Apr 1, 1885",133.02,14.73,13.54
"Mar 1, 1885",134.95,14.6,13.74
"Feb 1, 1885",131.59,14.41,13.39
"Jan 1, 1885",129.06,13.82,13.13
"Dec 1, 1884",132.11,14,13.43
"Nov 1, 1884",130.99,13.7,13.31
"Oct 1, 1884",130.73,13.66,13.28
"Sep 1, 1884",133.59,13.8,13.57
"Aug 1, 1884",136.53,13.94,13.86
"Jul 1, 1884",128.47,12.83,13.05
"Jun 1, 1884",127.02,12.56,12.9
"May 1, 1884",132.43,12.83,13.46
"Apr 1, 1884",141.07,13.68,14.35
"Mar 1, 1884",144.72,14.04,14.73
"Feb 1, 1884",145.27,13.82,14.8
"Jan 1, 1884",141.45,13.2,14.43
"Dec 1, 1883",145.82,13.35,14.89
"Nov 1, 1883",150.73,13.57,15.41
"Oct 1, 1883",146.91,13.28,15.05
"Sep 1, 1883",151.00,13.57,15.49
"Aug 1, 1883",147.92,13.34,15.2
"Jul 1, 1883",154.95,13.89,15.96
"Jun 1, 1883",154.24,14.02,15.91
"May 1, 1883",148.39,13.82,15.33
"Apr 1, 1883",149.44,13.98,15.47
"Mar 1, 1883",145.07,13.61,15.05
"Feb 1, 1883",141.88,13.36,14.75
"Jan 1, 1883",146.58,13.59,15.27
"Dec 1, 1882",147.34,13.58,15.38
"Nov 1, 1882",145.13,13.49,15.19
"Oct 1, 1882",150.28,14.06,15.76
"Sep 1, 1882",152.99,14.43,16.07
"Aug 1, 1882",147.50,14.26,15.53
"Jul 1, 1882",144.43,13.82,15.23
"Jun 1, 1882",135.57,13.06,14.33
"May 1, 1882",137.45,13.1,14.56
"Apr 1, 1882",140.48,13.24,14.92
"Mar 1, 1882",141.71,13.21,15.08
"Feb 1, 1882",141.96,13.21,15.15
"Jan 1, 1882",146.57,13.48,15.68
"Dec 1, 1881",148.80,13.66,15.96
"Nov 1, 1881",153.25,13.94,16.48
"Oct 1, 1881",150.78,13.72,16.25
"Sep 1, 1881",154.74,13.81,16.72
"Aug 1, 1881",159.45,13.58,17.28
"Jul 1, 1881",166.54,13.78,18.11
"Jun 1, 1881",174.39,14.15,19.04
"May 1, 1881",172.27,13.85,18.88
"Apr 1, 1881",163.13,13.14,17.95
"Mar 1, 1881",165.38,13.07,18.28
"Feb 1, 1881",163.52,12.81,18.15
"Jan 1, 1881",165.62,12.74,18.47
"Dec 1, 1880",154.77,11.92,17.33
"Nov 1, 1880",150.10,11.67,16.87
"Oct 1, 1880",144.14,11.3,16.26
"Sep 1, 1880",140.08,11.2,15.86
"Aug 1, 1880",141.72,11.45,16.1
"Jul 1, 1880",136.81,11.28,15.59
"Jun 1, 1880",130.80,11.01,14.95
"May 1, 1880",127.62,11.2,14.63
"Apr 1, 1880",134.59,12.43,15.46
"Mar 1, 1880",132.39,13.01,15.23
"Feb 1, 1880",131.19,13.06,15.12
"Jan 1, 1880",128.92,13.13,14.87
"Dec 1, 1879",127.84,12.95,14.77
"Nov 1, 1879",131.91,13.17,15.26
"Oct 1, 1879",131.94,12.71,15.29
"Sep 1, 1879",125.57,11.64,14.59
"Aug 1, 1879",125.40,11.41,14.61
"Jul 1, 1879",124.48,11.52,14.54
"Jun 1, 1879",123.37,11.48,14.45
"May 1, 1879",121.40,11.62,14.25
"Apr 1, 1879",116.16,11.31,13.66
"Mar 1, 1879",111.10,11.15,13.09
"Feb 1, 1879",111.72,11.53,13.18
"Jan 1, 1879",108.97,11.34,12.87
"Dec 1, 1878",106.30,11.13,12.58
"Nov 1, 1878",104.49,11.22,12.37
"Oct 1, 1878",103.55,11.29,12.28
"Sep 1, 1878",103.64,11.45,12.3
"Aug 1, 1878",101.58,11.25,12.06
"Jul 1, 1878",103.55,11.38,12.31
"Jun 1, 1878",102.68,11.18,12.21
"May 1, 1878",98.34,10.98,11.71
"Apr 1, 1878",94.83,10.98,11.29
"Mar 1, 1878",91.34,10.71,10.88
"Feb 1, 1878",87.79,10.54,10.45
"Jan 1, 1878",88.75,10.8,10.57
"Dec 1, 1877",86.13,10.83,10.25
"Nov 1, 1877",86.40,10.93,10.27
"Oct 1, 1877",86.00,11.16,10.22
"Sep 1, 1877",84.19,10.98,9.99
"Aug 1, 1877",78.44,10.4,9.29
"Jul 1, 1877",70.56,9.77,8.35
"Jun 1, 1877",68.19,9.41,8.05
"May 1, 1877",69.51,10.2,8.18
"Apr 1, 1877",70.77,10.25,8.31
"Mar 1, 1877",78.48,11.12,9.2
"Feb 1, 1877",78.97,11.79,9.23
"Jan 1, 1877",81.79,12.6,9.52
"Dec 1, 1876",83.93,12.79,9.74
"Nov 1, 1876",85.92,12.56,9.94
"Oct 1, 1876",88.35,12.51,10.2
"Sep 1, 1876",90.47,12.3,10.42
"Aug 1, 1876",97.30,12.81,11.18
"Jul 1, 1876",102.41,13.09,11.75
"Jun 1, 1876",103.66,12.97,11.88
"May 1, 1876",101.59,12.79,11.63
"Apr 1, 1876",101.75,13.02,11.63
"Mar 1, 1876",104.76,13.26,11.95
"Feb 1, 1876",105.00,13.04,11.96
"Jan 1, 1876",103.60,12.62,11.79
"Dec 1, 1875",100.68,12.14,11.45
"Nov 1, 1875",99.77,11.87,11.34
"Oct 1, 1875",97.37,11.41,11.06
"Sep 1, 1875",98.96,11.35,11.24
"Aug 1, 1875",98.97,11.21,11.24
"Jul 1, 1875",99.41,10.93,11.29
"Jun 1, 1875",99.18,10.68,11.28
"May 1, 1875",99.52,10.69,11.33
"Apr 1, 1875",100.95,10.9,11.51
"Mar 1, 1875",100.51,10.55,11.48
"Feb 1, 1875",99.19,10.22,11.35
"Jan 1, 1875",99.41,10.05,11.41
"Dec 1, 1874",99.41,9.87,11.45
"Nov 1, 1874",100.07,9.93,11.56
"Oct 1, 1874",98.34,9.85,11.4
"Sep 1, 1874",96.97,9.87,11.28
"Aug 1, 1874",95.48,9.72,11.14
"Jul 1, 1874",94.54,9.7,11.07
"Jun 1, 1874",95.26,9.7,11.19
"May 1, 1874",93.47,9.74,11.02
"Apr 1, 1874",95.19,10,11.26
"Mar 1, 1874",96.37,10.28,11.43
"Feb 1, 1874",97.80,10.43,11.63
"Jan 1, 1874",94.95,10.13,11.33
"Dec 1, 1873",91.46,9.61,10.96
"Nov 1, 1873",85.64,8.83,10.31
"Oct 1, 1873",86.07,9.21,10.4
"Sep 1, 1873",92.11,10.14,11.16
"Aug 1, 1873",99.73,11.04,12.12
"Jul 1, 1873",99.73,11.11,12.16
"Jun 1, 1873",99.93,11.19,12.22
"May 1, 1873",98.36,11.41,12.05
"Apr 1, 1873",96.01,11.45,11.78
"Mar 1, 1873",97.35,11.68,11.95
"Feb 1, 1873",98.11,11.84,12.05
"Jan 1, 1873",99.53,11.82,12.25
"Dec 1, 1872",98.75,11.79,12.17
"Nov 1, 1872",95.02,11.58,11.71
"Oct 1, 1872",98.25,11.69,12.13
"Sep 1, 1872",95.75,11.72,11.83
"Aug 1, 1872",98.17,12,12.13
"Jul 1, 1872",100.11,12.22,12.38
"Jun 1, 1872",99.23,12.36,12.27
"May 1, 1872",99.43,12.56,12.28
"Apr 1, 1872",99.43,12.63,12.25
"Mar 1, 1872",98.93,12.37,12.18
"Feb 1, 1872",97.23,12.05,11.96
"Jan 1, 1872",96.83,12.07,11.9
"Dec 1, 1871",94.44,11.85,11.59
"Nov 1, 1871",94.54,11.6,11.6
"Oct 1, 1871",93.52,11.48,11.47
"Sep 1, 1871",100.15,12.1,12.31
"Aug 1, 1871",101.54,11.98,12.55
"Jul 1, 1871",98.69,11.82,12.27
"Jun 1, 1871",100.56,12.05,12.59
"May 1, 1871",99.83,12.15,12.59
"Apr 1, 1871",95.12,11.85,12.05
"Mar 1, 1871",89.17,11.52,11.19
"Feb 1, 1871",88.33,11.25,10.92
"Jan 1, 1871",89.81,11.1,
